name,tagline,location,state_region,country,domain,aia_team,location_ambiguous,profile_url,profile_id
A.C. Mata,Principal + Partner @ JTC architects | Business Owner | Investor,Arcadia,CA,United States,Business & Consulting,,,https://community.aiadvantage.com/u/bbb17653,bbb17653
Aaron D'Souza,,Auckland,,New Zealand,Not stated,,,https://community.aiadvantage.com/u/7e977d5b,7e977d5b
Abir Alameddine,,,,Not stated,Not stated,,,https://community.aiadvantage.com/u/6d4436c8,6d4436c8
Adam Bishop,,,,Not stated,Not stated,,,https://community.aiadvantage.com/u/eb9b40a8,eb9b40a8
adolfo navas,,Miami,FL,United States,Not stated,,,https://community.aiadvantage.com/u/76d1f107,76d1f107
Agustin Ramos,,,,Not stated,Not stated,,,https://community.aiadvantage.com/u/f8e0a255,f8e0a255
AIA Communities Team,Your AI Advantage Club Support Team,Phoenix,AZ,United States,AI Advantage staff,yes,,https://community.aiadvantage.com/u/d8f77b93,d8f77b93
AIA Tech Team,,Phoenix,AZ,United States,AI Advantage staff,yes,,https://community.aiadvantage.com/u/8256d331,8256d331
Aida Cabello-Colon,,,,Not stated,Not stated,,,https://community.aiadvantage.com/u/9edc53e0,9edc53e0
Ailina Ismail,"The Autoimmune Doctor | Functional Medicine | 30+ yrs helping people dismissed by ""normal"" bloodwork",Melbourne,,Australia,Health & Wellness,,yes,https://community.aiadvantage.com/u/70982ac9,70982ac9
Aina San Pedro,Business Systems Analyst,,,Not stated,Tech & AI,,,https://community.aiadvantage.com/u/ebebf122,ebebf122
Alan Masson,,,,Not stated,Not stated,,,https://community.aiadvantage.com/u/87970052,87970052
Albert Campbell,,Aurora,CO,United States,Not stated,,yes,https://community.aiadvantage.com/u/9bbdf215,9bbdf215
Alejandro Solis,Professor Xennial,Guadalajara,,Mexico,Education & Training,,,https://community.aiadvantage.com/u/a1af109e,a1af109e
Alex Goh,,,,Not stated,Not stated,,,https://community.aiadvantage.com/u/931a00aa,931a00aa
Alex Guerin,,Chambly,QC,Canada,Not stated,,yes,https://community.aiadvantage.com/u/b13a5dba,b13a5dba
Alex Parker,,Lymm,,United Kingdom,Not stated,,,https://community.aiadvantage.com/u/559a6ba4,559a6ba4
Alexis Caldicott,,,,Not stated,Not stated,,,https://community.aiadvantage.com/u/3d94b6c1,3d94b6c1
Allan Britten,,Boise,ID,United States,Not stated,,,https://community.aiadvantage.com/u/c456d078,c456d078
Allana Everitt,,Windsor,ON,Canada,Not stated,,yes,https://community.aiadvantage.com/u/ba2043f8,ba2043f8
Allen Johnson,,,,Not stated,Not stated,,,https://community.aiadvantage.com/u/2e5a3ab4,2e5a3ab4
Allen Mata,,Canon City,CO,United States,Not stated,,,https://community.aiadvantage.com/u/5e23525c,5e23525c
Allison Jared,A Journey That Changed Everything,Washington,WA,United States,Unclassified,,yes,https://community.aiadvantage.com/u/4b415d46,4b415d46
Allison Whittaker,Driven by purpose and clarity,Lancaster,PA,United States,Unclassified,,yes,https://community.aiadvantage.com/u/4a087495,4a087495
Amahau Wood,,,,Not stated,Not stated,,,https://community.aiadvantage.com/u/51588624,51588624
Amanda Clark,The Atypical Advocate,Philadelphia,PA,United States,Unclassified,,,https://community.aiadvantage.com/u/e1d1ea5a,e1d1ea5a
Amanda Marks,"Television Writer/Producer | Los Angeles, CA",Los Angeles,CA,United States,Creative & Media,,,https://community.aiadvantage.com/u/6571af14,6571af14
Amanda Marks,,,,Not stated,Not stated,,,https://community.aiadvantage.com/u/aadd94ec,aadd94ec
Amber Hunter,,,,Not stated,Not stated,,,https://community.aiadvantage.com/u/e2fa4d22,e2fa4d22
Amit Gupta,,,,Not stated,Not stated,,,https://community.aiadvantage.com/u/beece013,beece013
Amy BOUTWELL,,,,Not stated,Not stated,,,https://community.aiadvantage.com/u/1e7ca33f,1e7ca33f
Amy Sleezer,,,,Not stated,Not stated,,,https://community.aiadvantage.com/u/3d651b01,3d651b01
Ana Castilla,,Portland,OR,United States,Not stated,,yes,https://community.aiadvantage.com/u/0e10ce00,0e10ce00
Ana Maria Silberman,,Rancho Mission Viejo,CA,United States,Not stated,,,https://community.aiadvantage.com/u/a0398153,a0398153
Andreea Axani,,Toronto,ON,Canada,Not stated,,,https://community.aiadvantage.com/u/8ee0dbe3,8ee0dbe3
Angelica Dutton,Commercial Real Estate Broker in Tucson Arizona,Tucson,AZ,United States,Real Estate,,,https://community.aiadvantage.com/u/783edbd5,783edbd5
Angelique Blitch,"Old school business, new school tools.",Naples,FL,United States,Education & Training,,yes,https://community.aiadvantage.com/u/3b56c217,3b56c217
Angelo Epiifano,"CO-OWNER, CO-CEO of Hollywood DJs & Productions LLC",Middletown,NY,United States,Business & Consulting,,yes,https://community.aiadvantage.com/u/c6ac60f6,c6ac60f6
Anita Butler,,,,Not stated,Not stated,,,https://community.aiadvantage.com/u/8a0dd920,8a0dd920
Ann Moncure,,Boston,MA,United States,Not stated,,,https://community.aiadvantage.com/u/30b1e8d4,30b1e8d4
Ann White,,,,Not stated,Not stated,,,https://community.aiadvantage.com/u/ae54bb16,ae54bb16
Anne Lauck,"In a world where you can be anyone, be who YOU decide to be",United States,,United States,Unclassified,,,https://community.aiadvantage.com/u/cde44355,cde44355
Anno Bauer,,,,Not stated,Not stated,,,https://community.aiadvantage.com/u/af110570,af110570
Antoinette Willemsen,,,,Not stated,Not stated,,,https://community.aiadvantage.com/u/dabeefe8,dabeefe8
Antony Chin A Foeng,,Suriname,,Suriname,Not stated,,,https://community.aiadvantage.com/u/2f349d86,2f349d86
Aphissada Demikul,,,,Not stated,Not stated,,,https://community.aiadvantage.com/u/07eac701,07eac701
Apryl Smith,"Boutique & Lifestyle Brand Powerhouse - Founder of Hopkins Beauty Solutions - The Total Diva Experience | Empowering Confidence Through Fashion, Wellness & Purpose",Amityville,NY,United States,Health & Wellness,,,https://community.aiadvantage.com/u/dd8b5c8d,dd8b5c8d
Archie Tanaka,,,,Not stated,Not stated,,,https://community.aiadvantage.com/u/d79ba698,d79ba698
Ariadne Lewis,,Panama City,,Panama,AI Advantage staff,yes,yes,https://community.aiadvantage.com/u/7fa58cd7,7fa58cd7
Asa Lindam,,Sweden,,Sweden,Not stated,,,https://community.aiadvantage.com/u/624c28b0,624c28b0
Astrid Lau,,,,Not stated,Not stated,,,https://community.aiadvantage.com/u/adf012fa,adf012fa
Bal Dhanda,Company Director | Owner of Car Servicing & MOT Business | Life & Business Coach,London,,United Kingdom,Coaching & Personal Growth,,,https://community.aiadvantage.com/u/3d7f5861,3d7f5861
Barbara Christenson,Co-creating Health and Wellness through Connections,Lake Oswego,OR,United States,Health & Wellness,,,https://community.aiadvantage.com/u/0d0df7d0,0d0df7d0
Barbara Smith,,Concord,NH,United States,Not stated,,yes,https://community.aiadvantage.com/u/e0b70a42,e0b70a42
Barbara Zemanova,Barbara with AI,Prague,,Czechia,Tech & AI,,,https://community.aiadvantage.com/u/762f2030,762f2030
Benjamin Genzman,,,,Not stated,Not stated,,,https://community.aiadvantage.com/u/d0e190bd,d0e190bd
Bernard Allen-Bey,,,,Not stated,Not stated,,,https://community.aiadvantage.com/u/fc55bcb4,fc55bcb4
Beth Allen,,,,Not stated,Not stated,,,https://community.aiadvantage.com/u/f5e76b0c,f5e76b0c
Beth Wilding,"I build and optimize funnels that help businesses reach the right people-and consistently generate leads, booked appointments, and sales.",Spanish Fork,UT,United States,Marketing & Sales,,,https://community.aiadvantage.com/u/ef2570b8,ef2570b8
Biljana Slankamenac,,Novi Sad,,Serbia,Not stated,,,https://community.aiadvantage.com/u/f5f5bfca,f5f5bfca
Billy Howard,,,,Not stated,Not stated,,,https://community.aiadvantage.com/u/8ae92b2b,8ae92b2b
Billy Willis,,Mount Pleasant,SC,United States,Not stated,,,https://community.aiadvantage.com/u/55357984,55357984
Bob Gallo,,New Jersey,NJ,United States,Not stated,,,https://community.aiadvantage.com/u/598208aa,598208aa
Bonnica Vuong,,,,Not stated,Not stated,,,https://community.aiadvantage.com/u/002f6ed0,002f6ed0
Brad Hughes,"Helping leaders clarify work and make it flow, leveraging AI",,,Not stated,Tech & AI,,,https://community.aiadvantage.com/u/76928e99,76928e99
Bradley McDonald,Architect Painfully embracing A.I.,Glendale,AZ,United States,Tech & AI,,yes,https://community.aiadvantage.com/u/7dd2f541,7dd2f541
Brandy Willis,,,,Not stated,Not stated,,,https://community.aiadvantage.com/u/865ee15e,865ee15e
BRENDA Nabawanguzi,,,,Not stated,Not stated,,,https://community.aiadvantage.com/u/53b2a2b2,53b2a2b2
Brenda Petrillo,,Arizona,AZ,United States,Not stated,,,https://community.aiadvantage.com/u/7986ac45,7986ac45
Brett Greene,,,,Not stated,Not stated,,,https://community.aiadvantage.com/u/d59d7cc2,d59d7cc2
Brian Ewing,,,,Not stated,Not stated,,,https://community.aiadvantage.com/u/ddd70e9a,ddd70e9a
Brian McLain,Building Tomorrows Workforce in Today's Classroom,Oklahoma,OK,United States,Education & Training,,,https://community.aiadvantage.com/u/a5f74303,a5f74303
Brody Atkin,AI Consultant & Parkour Coach,Airdrie,AB,Canada,Coaching & Personal Growth,,yes,https://community.aiadvantage.com/u/1f630c3a,1f630c3a
Brooke Cheney,The Zen of Shooting - Fun with Guns for All,Harwinton,CT,United States,Unclassified,,,https://community.aiadvantage.com/u/99b25cea,99b25cea
Brooke Law,,,,Not stated,Not stated,,,https://community.aiadvantage.com/u/c4971a71,c4971a71
Bruce Crosby,Always here to help.,Holland Landing,ON,Canada,Unclassified,,,https://community.aiadvantage.com/u/d227712d,d227712d
Bruno Pecly,,Atlanta,GA,United States,Not stated,,,https://community.aiadvantage.com/u/06b0e824,06b0e824
bryan drews,,,,Not stated,Not stated,,,https://community.aiadvantage.com/u/8371e472,8371e472
Bryan Nunan,,,,Not stated,Not stated,,,https://community.aiadvantage.com/u/7b231f90,7b231f90
Bryan Wisdom,,,,Not stated,Not stated,,,https://community.aiadvantage.com/u/38e51e11,38e51e11
Caglayan Cevrem Campbell,,,,Not stated,Not stated,,,https://community.aiadvantage.com/u/17da1028,17da1028
Cami Colbert,,,,Not stated,Not stated,,,https://community.aiadvantage.com/u/8a030f02,8a030f02
Candi B,,,,Not stated,Not stated,,,https://community.aiadvantage.com/u/bb8aca14,bb8aca14
Carmen Carmen,Learn * Apply * Improve * Share,Virginia,VA,United States,Unclassified,,,https://community.aiadvantage.com/u/6fd70dc8,6fd70dc8
Carmen Oliver,,,,Not stated,Not stated,,,https://community.aiadvantage.com/u/51918973,51918973
Carole Garnier Louvat,,,,Not stated,Not stated,,,https://community.aiadvantage.com/u/e8e044d9,e8e044d9
Caroline Krivuzoff,,,,Not stated,Not stated,,,https://community.aiadvantage.com/u/915f328b,915f328b
Carolyn Sims,,Idaho,ID,United States,Not stated,,,https://community.aiadvantage.com/u/7e9aa88c,7e9aa88c
Carolyn Taylor,,United States,,United States,Not stated,,,https://community.aiadvantage.com/u/c30ff4bf,c30ff4bf
Caryn Smith,AI Enthusiast,United States,,United States,Tech & AI,,,https://community.aiadvantage.com/u/c49fd415,c49fd415
Catherine Gorgolinski,AI,,,Not stated,Tech & AI,,,https://community.aiadvantage.com/u/159bc69f,159bc69f
Cathy Clark,,,,Not stated,Not stated,,,https://community.aiadvantage.com/u/0c1ffe6a,0c1ffe6a
Ceci Kramer,,,,Not stated,Not stated,,,https://community.aiadvantage.com/u/1cc8ad60,1cc8ad60
Celine THOMAS,Executive Coach,Paris,,France,Coaching & Personal Growth,,,https://community.aiadvantage.com/u/65cf7202,65cf7202
Chani Seiden,,,,Not stated,Not stated,,,https://community.aiadvantage.com/u/c6dde7f6,c6dde7f6
Charlene Shaw,Nothing that we do is existentially relevant...,Lauderdale by the Sea,FL,United States,Unclassified,,,https://community.aiadvantage.com/u/3bda3d00,3bda3d00
Charles Berger,,Southbury,CT,United States,Not stated,,,https://community.aiadvantage.com/u/090b3046,090b3046
Charles Pellegrini,At Your Service. www.StarLoftsPgh.com,Pittsburgh,PA,United States,Unclassified,,,https://community.aiadvantage.com/u/df38776f,df38776f
Charlyn Huss d'Anconia,Helping You Feel Better First-So You Can Get Stronger and Stay That Way | Creator of the CoreSpring Method,Los Angeles,CA,United States,Unclassified,,,https://community.aiadvantage.com/u/4d33522a,4d33522a
Charmaine Green,,Redondo Beach,CA,United States,Not stated,,,https://community.aiadvantage.com/u/f8b99d58,f8b99d58
Chef Marian,Save time. Save money. Eat healthier.,San Diego,CA,United States,Unclassified,,,https://community.aiadvantage.com/u/ebebd050,ebebd050
Cheryl Milone,Honored to help inventors and creators monetization their innovation,,,Not stated,Unclassified,,,https://community.aiadvantage.com/u/097b729b,097b729b
Cheryl Morris,,California,CA,United States,Not stated,,,https://community.aiadvantage.com/u/b40e2ee2,b40e2ee2
Chester Earls,,,,Not stated,Not stated,,,https://community.aiadvantage.com/u/530eb9af,530eb9af
Chris Eley,,,,Not stated,Not stated,,,https://community.aiadvantage.com/u/e04315b6,e04315b6
Chris Gubbels,,,,Not stated,Not stated,,,https://community.aiadvantage.com/u/958b2f57,958b2f57
Chris Hay,,,,Not stated,Not stated,,,https://community.aiadvantage.com/u/f734eca9,f734eca9
CHRIS JORGENSEN,,Clearwater,FL,United States,Not stated,,,https://community.aiadvantage.com/u/cc79287b,cc79287b
Chris Sedlak,,,,Not stated,Not stated,,,https://community.aiadvantage.com/u/2d2fad24,2d2fad24
Christian Duve,Dispute Resolution - Investment,Frankfurt,,Germany,Legal,,,https://community.aiadvantage.com/u/95293275,95293275
Christina Marcos,Global Strategy & Innovation Executive,Bakersfield,CA,United States,Business & Consulting,,,https://community.aiadvantage.com/u/aa64e36f,aa64e36f
Christina Micu,"Real estate entrepreneur, wife, mother, sister, grandma, friend",,,Not stated,Real Estate,,,https://community.aiadvantage.com/u/245d4cb8,245d4cb8
Christine Douheret,Excited to Amplify,San Diego,CA,United States,Unclassified,,,https://community.aiadvantage.com/u/baf17505,baf17505
Christine Faulkner,,,,Not stated,Not stated,,,https://community.aiadvantage.com/u/af311aeb,af311aeb
Christine Guidi,,,,Not stated,Not stated,,,https://community.aiadvantage.com/u/459c5e43,459c5e43
Christine Koski,,,,Not stated,Not stated,,,https://community.aiadvantage.com/u/f7cbcf56,f7cbcf56
Christine Parker,,Dallas,TX,United States,Not stated,,,https://community.aiadvantage.com/u/ab85488a,ab85488a
Christopher Perry,"To go fast, go alone. To go far, go together. -African proverb",Perrysburg,OH,United States,Unclassified,,,https://community.aiadvantage.com/u/feccff52,feccff52
Cindi Gordon,Operations Executive Exploring AI as a Strategic Partner,Toronto,ON,Canada,Tech & AI,,,https://community.aiadvantage.com/u/0d1fb494,0d1fb494
Cindy Jacks,,,,Not stated,Not stated,,,https://community.aiadvantage.com/u/21dbfa45,21dbfa45
Cinzia Donald,,,,Not stated,Not stated,,,https://community.aiadvantage.com/u/597855e5,597855e5
cissy chen,,,,Not stated,Not stated,,,https://community.aiadvantage.com/u/2a37c707,2a37c707
Clare Furlonger,,,,Not stated,Not stated,,,https://community.aiadvantage.com/u/64b70c5c,64b70c5c
Claudia Brenner,,,,Not stated,Not stated,,,https://community.aiadvantage.com/u/e8792aec,e8792aec
Claus beck,,,,Not stated,Not stated,,,https://community.aiadvantage.com/u/9067e0be,9067e0be
Corbin Hibbs,,,,Not stated,Not stated,,,https://community.aiadvantage.com/u/bee5846a,bee5846a
Corey Blake,Head of Community,Deerfield,IL,United States,AI Advantage staff,yes,,https://community.aiadvantage.com/u/f51371e3,f51371e3
Curt B,,Lincoln,NE,United States,Not stated,,,https://community.aiadvantage.com/u/2c826c8d,2c826c8d
CYDNEY Einck,,,,Not stated,Not stated,,,https://community.aiadvantage.com/u/7e1245c8,7e1245c8
Dan Aloi,,,,Not stated,Not stated,,,https://community.aiadvantage.com/u/15114e4e,15114e4e
Dan Gullion,,Fremont,CA,United States,Not stated,,,https://community.aiadvantage.com/u/88318852,88318852
Dan Joandrea,"Life happens for me, not to me!",Troy,MI,United States,Unclassified,,yes,https://community.aiadvantage.com/u/912af2f6,912af2f6
Dana Moraru,,,,Not stated,Not stated,,,https://community.aiadvantage.com/u/cbb88d69,cbb88d69
Dana Weary,Make your move!,Spokane,WA,United States,Unclassified,,,https://community.aiadvantage.com/u/1d1db864,1d1db864
Daniel Chan,Working on digital growth in Solar & Batteries,Buffalo,NY,United States,Tech & AI,,,https://community.aiadvantage.com/u/d097327d,d097327d
Daniel Pierce,Part of the core content creation team for AI Advantage.,Alabama,AL,United States,Marketing & Sales,,,https://community.aiadvantage.com/u/cda4854c,cda4854c
daniel@vantablackexecutiveservices.com,Former tree business owner | Now building an AI Operating System for service businesses,Colorado,CO,United States,Tech & AI,,,https://community.aiadvantage.com/u/04789768,04789768
Danny Castle,,,,Not stated,Not stated,,,https://community.aiadvantage.com/u/056538b3,056538b3
Darlene Morse,,,,Not stated,Not stated,,,https://community.aiadvantage.com/u/9c8dc826,9c8dc826
Darren Liebmann,,,,Not stated,Not stated,,,https://community.aiadvantage.com/u/8187f61d,8187f61d
David Branik,,Prague,,Czechia,Not stated,,,https://community.aiadvantage.com/u/5228da32,5228da32
David Braxton,,Raleigh,NC,United States,Not stated,,,https://community.aiadvantage.com/u/be637231,be637231
David Cann,"Songwriter, Singer, Sync Artist, Producer, Process Engineer, Software Designer",Ottawa,ON,Canada,Tech & AI,,,https://community.aiadvantage.com/u/371b68b3,371b68b3
david Carroll,,,,Not stated,Not stated,,,https://community.aiadvantage.com/u/7d58b5d8,7d58b5d8
David Howe,AI Leaner,Sydney,,Australia,Tech & AI,,,https://community.aiadvantage.com/u/b0de3cb9,b0de3cb9
David Pent,,,,Not stated,Not stated,,,https://community.aiadvantage.com/u/4eda454d,4eda454d
David Weingarten,,Portland,OR,United States,Not stated,,yes,https://community.aiadvantage.com/u/2bf4c407,2bf4c407
Dean Graziosi,,,,Not stated,Not stated,,,https://community.aiadvantage.com/u/859db9d2,859db9d2
Dean Graziosi & Tony Robbins,,Atlanta,GA,United States,Not stated,,,https://community.aiadvantage.com/u/f01f77bb,f01f77bb
Debra Phillips,,,,Not stated,Not stated,,,https://community.aiadvantage.com/u/b4333f0a,b4333f0a
Denise Christie,,Kitchener,ON,Canada,Not stated,,,https://community.aiadvantage.com/u/c39bb03d,c39bb03d
Denise Kay,,,,Not stated,Not stated,,,https://community.aiadvantage.com/u/8152d257,8152d257
Dennis Ward,I'll tune your website so visitors know what you do and what to do next!,Fort Worth,TX,United States,Marketing & Sales,,,https://community.aiadvantage.com/u/18638c17,18638c17
Derek Grills,,,,Not stated,Not stated,,,https://community.aiadvantage.com/u/285feda0,285feda0
Deretta Faigin,Making others' job easier.,Laguna Niguel,CA,United States,Unclassified,,,https://community.aiadvantage.com/u/8a8cdbe0,8a8cdbe0
Dharmin Desai,"Strategy-to-Execution Advisor | Business, Technology & Investment Decision-Making",Sydney,,Australia,Business & Consulting,,,https://community.aiadvantage.com/u/9a0e9136,9a0e9136
Dirk Wonhoefer,,Germany,,Germany,AI Advantage staff,yes,,https://community.aiadvantage.com/u/ac7cd021,ac7cd021
dominique seguin,,,,Not stated,Not stated,,,https://community.aiadvantage.com/u/1df85146,1df85146
Dominique Withaar,AI Image Fanatic,Stockholm,,Sweden,AI Advantage staff,yes,,https://community.aiadvantage.com/u/700318e6,700318e6
Don Free,,Miami,FL,United States,Not stated,,,https://community.aiadvantage.com/u/53dfb7b4,53dfb7b4
Donatella Battistella,,,,Not stated,Not stated,,,https://community.aiadvantage.com/u/91a1448a,91a1448a
Donna Hailey,,,,Not stated,Not stated,,,https://community.aiadvantage.com/u/3a4235a6,3a4235a6
Donna Hobbs,,,,Not stated,Not stated,,,https://community.aiadvantage.com/u/5c396e7e,5c396e7e
donna marie romeo,Donna's Future,New York City,NY,United States,Unclassified,,,https://community.aiadvantage.com/u/dfeb8096,dfeb8096
Donna Vincent,Building my future leveraging AI,Toronto,ON,Canada,Tech & AI,,,https://community.aiadvantage.com/u/14537d1a,14537d1a
Donna Wong,,,,Not stated,Not stated,,,https://community.aiadvantage.com/u/845b1f9c,845b1f9c
Dori Daknis,,,,Not stated,Not stated,,,https://community.aiadvantage.com/u/02ccac46,02ccac46
Doug Brooks,You are only limited by your inability to dream,Jamaica,,Jamaica,Unclassified,,,https://community.aiadvantage.com/u/33315bfb,33315bfb
Doug Foreman,,,,Not stated,Not stated,,,https://community.aiadvantage.com/u/1ecd61d1,1ecd61d1
Ed Malko,,,,Not stated,Not stated,,,https://community.aiadvantage.com/u/bc723dcf,bc723dcf
Edith Kernerman,,Toronto,ON,Canada,Not stated,,,https://community.aiadvantage.com/u/92f5d3c8,92f5d3c8
Eduardo Arroyo,Brainload Engineering: Making Leadership as We Know It Obsolete,Puerto Rico,PR,United States,Coaching & Personal Growth,,,https://community.aiadvantage.com/u/5a69acaa,5a69acaa
Edward Ung,,,,Not stated,Not stated,,,https://community.aiadvantage.com/u/393b92e9,393b92e9
Edward Vargas,,,,Not stated,Not stated,,,https://community.aiadvantage.com/u/6209cbdc,6209cbdc
Eileen Lacerte,AI-Leen,Hawaii,HI,United States,Tech & AI,,,https://community.aiadvantage.com/u/d50408f1,d50408f1
Einaudi Enrico,,Paris,,France,Not stated,,,https://community.aiadvantage.com/u/fbe842ce,fbe842ce
Elaine Poon,Sharper Diagnostics. More Presence in Life. Saving time.,Calgary,AB,Canada,Unclassified,,,https://community.aiadvantage.com/u/e3cc80f4,e3cc80f4
Elisabeth Covella-Hanley,,,,Not stated,Not stated,,,https://community.aiadvantage.com/u/68a8a639,68a8a639
Elizabeth Aungier,,,,Not stated,Not stated,,,https://community.aiadvantage.com/u/5e26812d,5e26812d
Elizabeth Collado,,United States,,United States,Not stated,,,https://community.aiadvantage.com/u/913cdfa1,913cdfa1
Eloise Schoeman,,,,Not stated,Not stated,,,https://community.aiadvantage.com/u/8b673f8c,8b673f8c
Emmanuel Itoje,,,,Not stated,Not stated,,,https://community.aiadvantage.com/u/06d253ea,06d253ea
ENID Prasad,,New York City,NY,United States,Not stated,,,https://community.aiadvantage.com/u/71dbe1a1,71dbe1a1
Erasmo Di Russo,,,,Not stated,Not stated,,,https://community.aiadvantage.com/u/9a5fab71,9a5fab71
Eric Marshall,,,,Not stated,Not stated,,,https://community.aiadvantage.com/u/00de37bc,00de37bc
Eric Moser,Me + AI = Me v2.0???,Santa Paula,CA,United States,Tech & AI,,,https://community.aiadvantage.com/u/17e5b9c8,17e5b9c8
Eric Peter Sabonghy,,,,Not stated,Not stated,,,https://community.aiadvantage.com/u/cb816226,cb816226
Esther Zeidman,,,,Not stated,Not stated,,,https://community.aiadvantage.com/u/aaea377a,aaea377a
EvaMarie Walker,,,,Not stated,Not stated,,,https://community.aiadvantage.com/u/d1d1524c,d1d1524c
Evan Hewitt,,,,Not stated,Not stated,,,https://community.aiadvantage.com/u/18b4c3b2,18b4c3b2
Evy Macquoy,Helping people understand their horses better through acupressure & connection,Bevel,,Belgium,Unclassified,,yes,https://community.aiadvantage.com/u/391c6205,391c6205
Faith Sohl,,Seattle,WA,United States,Not stated,,,https://community.aiadvantage.com/u/fe4d26c7,fe4d26c7
Farzad Kohanzadeh,,,,Not stated,Not stated,,,https://community.aiadvantage.com/u/31d4976f,31d4976f
Filip Lipczynski,,Warsaw,,Poland,AI Advantage staff,yes,,https://community.aiadvantage.com/u/bcc8d24c,bcc8d24c
Fiona Bromfield,Redefining Eyecare: Blending Clinical Excellence with Style and Heart,Weston-super-Mare,,United Kingdom,Health & Wellness,,,https://community.aiadvantage.com/u/8f8f6f69,8f8f6f69
Fran Ferguson,Senior Executive Performance Coach | Business Advisor | Financial Intermediary,Dallas,TX,United States,Coaching & Personal Growth,,,https://community.aiadvantage.com/u/ad29a673,ad29a673
Francis Fitzpatrick,"Business Owner, Lawyer and Entrepreneur",Portugal,,Portugal,Legal,,,https://community.aiadvantage.com/u/4ea744dc,4ea744dc
Frank Nuchereno,,,,Not stated,Not stated,,,https://community.aiadvantage.com/u/57c34653,57c34653
Frank Tirelli,,,,Not stated,Not stated,,,https://community.aiadvantage.com/u/f6c24718,f6c24718
Franklin Ayensu,,,,Not stated,Not stated,,,https://community.aiadvantage.com/u/58a5cb6b,58a5cb6b
Gabriela Bae,,,,Not stated,AI Advantage staff,yes,,https://community.aiadvantage.com/u/393cdab1,393cdab1
Gabrielle Morquecho / GR Leadership,grleadership consulting,Buffalo,NY,United States,Coaching & Personal Growth,,,https://community.aiadvantage.com/u/b240dc2f,b240dc2f
Galyn Fergerson,AIA | AI Technical Coach,Georgia,GA,United States,AI Advantage staff,yes,,https://community.aiadvantage.com/u/2a420bcb,2a420bcb
Gareth Arbuthnot,,,,Not stated,Not stated,,,https://community.aiadvantage.com/u/a33cdaa3,a33cdaa3
Garry Drisdelle,,,,Not stated,Not stated,,,https://community.aiadvantage.com/u/640dd8a9,640dd8a9
Gary Browning,,,,Not stated,Not stated,,,https://community.aiadvantage.com/u/df8d5562,df8d5562
Gayle Abbott,,,,Not stated,Not stated,,,https://community.aiadvantage.com/u/e55329ef,e55329ef
Gene Palmer,,Perth,,Australia,Not stated,,,https://community.aiadvantage.com/u/9ffb732d,9ffb732d
Georg Kerschhackl,,,,Not stated,Not stated,,,https://community.aiadvantage.com/u/683be058,683be058
George Guillory,Broker | Owner ~ Guillory Real Estate,San Francisco Bay Area,CA,United States,Real Estate,,,https://community.aiadvantage.com/u/500cd459,500cd459
Gerardo Rivera Pagan,,,,Not stated,Not stated,,,https://community.aiadvantage.com/u/a6afa177,a6afa177
German Cerezo,,,,Not stated,Not stated,,,https://community.aiadvantage.com/u/b0fa4860,b0fa4860
GINGER ROSS,Own Your Choices - Own Your Life,Tarpon Springs,FL,United States,Unclassified,,,https://community.aiadvantage.com/u/3c40c1c9,3c40c1c9
Gisele Saenger,,,,Not stated,Not stated,,,https://community.aiadvantage.com/u/10cd39b3,10cd39b3
Greg Lehrmann,,,,Not stated,Not stated,,,https://community.aiadvantage.com/u/d0798d43,d0798d43
GREGORY Herrman,,,,Not stated,Not stated,,,https://community.aiadvantage.com/u/83233bfc,83233bfc
Guillermo Sosa-Suarez,,,,Not stated,Not stated,,,https://community.aiadvantage.com/u/bc86ccf5,bc86ccf5
guo zhan guo zhan,,,,Not stated,Not stated,,,https://community.aiadvantage.com/u/5ef3e43e,5ef3e43e
Guorui Kass,,,,Not stated,Not stated,,,https://community.aiadvantage.com/u/c1eb88d0,c1eb88d0
Gurpreet Kaur,,,,Not stated,Not stated,,,https://community.aiadvantage.com/u/6006a8d1,6006a8d1
Gynelle Bowie,,,,Not stated,Not stated,,,https://community.aiadvantage.com/u/27b21c1b,27b21c1b
Harmony Le,,South Carolina,SC,United States,Not stated,,,https://community.aiadvantage.com/u/27505828,27505828
Heather Brundage,,,,Not stated,Not stated,,,https://community.aiadvantage.com/u/df8ee292,df8ee292
Heather EE Poirier,,,,Not stated,Not stated,,,https://community.aiadvantage.com/u/57e19b6b,57e19b6b
Heidi Bingham,,,,Not stated,Not stated,,,https://community.aiadvantage.com/u/5ec6bb3d,5ec6bb3d
HEIDI EVANS,,California,CA,United States,Not stated,,,https://community.aiadvantage.com/u/c4069497,c4069497
Helen Konstan,,Melbourne,,Australia,Not stated,,yes,https://community.aiadvantage.com/u/8faaa37d,8faaa37d
Helen Qian,,,,Not stated,Not stated,,,https://community.aiadvantage.com/u/20875108,20875108
HeleneMickey Wilson,Family Life Coach,Newport Beach,CA,United States,Coaching & Personal Growth,,,https://community.aiadvantage.com/u/3e7616d8,3e7616d8
HILARY GARNER,"Inventor, Creative Collaborator, Global Perspective & Provocative Thinker!",Toronto,ON,Canada,Creative & Media,,,https://community.aiadvantage.com/u/ee4d9a44,ee4d9a44
HONORIO REYES,,,,Not stated,Not stated,,,https://community.aiadvantage.com/u/488a90d2,488a90d2
Howard Laiderman,,,,Not stated,Not stated,,,https://community.aiadvantage.com/u/33a46352,33a46352
Hsin Chieh Fang,,,,Not stated,Not stated,,,https://community.aiadvantage.com/u/a3b56dc3,a3b56dc3
Hugo Balarezo,"Need AI for Real Estate, Stock investing and Online Program Development",Rockwood,TN,United States,Real Estate,,,https://community.aiadvantage.com/u/66cc6315,66cc6315
Ian Roundell,,,,Not stated,Not stated,,,https://community.aiadvantage.com/u/1b477543,1b477543
Igor Pogany,Head Of AI Education,Lisbon,,Portugal,AI Advantage staff,yes,,https://community.aiadvantage.com/u/29c175d9,29c175d9
Irena Butler,Own Your Life,,,Not stated,Unclassified,,,https://community.aiadvantage.com/u/b9e57ce8,b9e57ce8
Isabel De Haro,Connecting Art and Innovation,Miami,FL,United States,Unclassified,,,https://community.aiadvantage.com/u/94985367,94985367
ISABELLA KOEBERLE,"good living energy, Isabella Koeberle",Stuttgart,,Germany,Unclassified,,,https://community.aiadvantage.com/u/aab7101c,aab7101c
Istvan Takacs,"Creativity, passion, solving problems, overcoming setbacks, running marathons and ultra marathons",Fulda,,Germany,Unclassified,,,https://community.aiadvantage.com/u/f60e4d3a,f60e4d3a
Iva HoSang,,,,Not stated,Not stated,,,https://community.aiadvantage.com/u/03843a0a,03843a0a
Ivelina Atanasova,,,,Not stated,Not stated,,,https://community.aiadvantage.com/u/f90c451c,f90c451c
Izumi Yamamoto,,,,Not stated,Not stated,,,https://community.aiadvantage.com/u/88c8d0a6,88c8d0a6
J Wallace,,Scotland,,United Kingdom,Not stated,,,https://community.aiadvantage.com/u/21edcc60,21edcc60
J. Benjamin Membreno,Long Time Life Lover,San Pedro Sula,,Honduras,Unclassified,,,https://community.aiadvantage.com/u/9c00271f,9c00271f
Jacob DeVary,,,,Not stated,Not stated,,,https://community.aiadvantage.com/u/3bd0ea30,3bd0ea30
Jacqueline Terzieva,"Bridge Builder + AI Believer = Human Potential, Unleashed",Hanover,,Germany,Tech & AI,,yes,https://community.aiadvantage.com/u/170e7afa,170e7afa
Jaime James,"Love to learn, grow and share together",New Zealand,,New Zealand,Unclassified,,,https://community.aiadvantage.com/u/52c829e1,52c829e1
Jake Burke,,,,Not stated,Not stated,,,https://community.aiadvantage.com/u/c7951416,c7951416
James Chandler,WealthSkill Creator,San Jose,CA,United States,Unclassified,,,https://community.aiadvantage.com/u/480bdc98,480bdc98
James Coles,"Founder & CEO, Solec Marketing - AI Concierge Systems That Never Miss a Call",Temecula,CA,United States,Marketing & Sales,,,https://community.aiadvantage.com/u/2075fbaa,2075fbaa
James McGee,,,,Not stated,Not stated,,,https://community.aiadvantage.com/u/7d6f9f5c,7d6f9f5c
James Sherwood,,Tampa,FL,United States,Not stated,,,https://community.aiadvantage.com/u/296bfbfd,296bfbfd
James Walker,Personal Change Agent working at the level of identity,Fargo,ND,United States,Coaching & Personal Growth,,,https://community.aiadvantage.com/u/a6cb1e31,a6cb1e31
Jana Tostrude,,,,Not stated,Not stated,,,https://community.aiadvantage.com/u/1eaab8b1,1eaab8b1
Janet Antunez Rojas,"Visionary Entrepreneur | Realtor | Business Architect | Empowering Growth Through AI, Real Estate & Innovation",United States,,United States,Real Estate,,,https://community.aiadvantage.com/u/62fee4fe,62fee4fe
Jaroslav Prusa,,,,Not stated,Not stated,,,https://community.aiadvantage.com/u/3176b80e,3176b80e
Jason Randall,,,,Not stated,Not stated,,,https://community.aiadvantage.com/u/a84ff27d,a84ff27d
Jean-Paul Riby,Author | Sustainability Advocate | Neuroscience | Languages | French Coach,Houston,TX,United States,Coaching & Personal Growth,,,https://community.aiadvantage.com/u/d5a91b50,d5a91b50
Jeanie Abeel,Helping you get your Must Do Goals done and done!,Sultan,WA,United States,Unclassified,,,https://community.aiadvantage.com/u/539274e0,539274e0
Jeff Massone,Leadership and Personal Growth Coach for Young Professionals,Monmouth County,NJ,United States,Coaching & Personal Growth,,,https://community.aiadvantage.com/u/bad3d2f1,bad3d2f1
Jen Hill,,,,Not stated,Not stated,,,https://community.aiadvantage.com/u/d7c0621e,d7c0621e
Jenni Coward,,,,Not stated,Not stated,,,https://community.aiadvantage.com/u/48ca27ce,48ca27ce
Jennifer,,,,Not stated,AI Advantage staff,yes,,https://community.aiadvantage.com/u/e8ec40c9,e8ec40c9
Jennifer Broome,"Artistry Afield ""Passionately Going Further""",Connecticut,CT,United States,Unclassified,,,https://community.aiadvantage.com/u/9d6e039b,9d6e039b
Jennifer Brusse,,,,Not stated,Not stated,,,https://community.aiadvantage.com/u/7e6e2c40,7e6e2c40
Jennifer King,,,,Not stated,Not stated,,,https://community.aiadvantage.com/u/241358d7,241358d7
Jennifer Veerkamp,,Grass Valley,CA,United States,Not stated,,,https://community.aiadvantage.com/u/5f4dda9a,5f4dda9a
Jennylle Zanzi,AI Architect,Richmond,VA,United States,Tech & AI,,yes,https://community.aiadvantage.com/u/23352c44,23352c44
Jeremy Nicolls,,,,Not stated,Not stated,,,https://community.aiadvantage.com/u/341f6e5d,341f6e5d
Jersey Wulster,,,,Not stated,Not stated,,,https://community.aiadvantage.com/u/c30fd532,c30fd532
Jerzy Zych,,,,Not stated,Not stated,,,https://community.aiadvantage.com/u/90d5b280,90d5b280
Jess McCarty,,,,Not stated,Not stated,,,https://community.aiadvantage.com/u/487ffdbb,487ffdbb
Jessica Kunce,Just a regular girl trying to make her way in a robot world,,,Not stated,Unclassified,,,https://community.aiadvantage.com/u/96408e53,96408e53
Jill Larsen,"Passionate Entrepreneur, Educator, and Real Estate Investor Committed to Shaping Young Minds and Building Futures",Norwalk,CT,United States,Real Estate,,,https://community.aiadvantage.com/u/bd7d5569,bd7d5569
Jill Wolforth,,,,Not stated,Not stated,,,https://community.aiadvantage.com/u/17203c3d,17203c3d
Jim Burgoyne,,,,Not stated,Not stated,,,https://community.aiadvantage.com/u/63999cbb,63999cbb
Jim Potts,,San Diego,CA,United States,Not stated,,,https://community.aiadvantage.com/u/f78c0b0f,f78c0b0f
Joanie Jones,"mom to three (49,30,24) wife",Colorado,CO,United States,Unclassified,,,https://community.aiadvantage.com/u/0c7f8093,0c7f8093
Joanna Maxwell,,Arizona,AZ,United States,Not stated,,,https://community.aiadvantage.com/u/5348964d,5348964d
Jody Anderson,,New Zealand,,New Zealand,Not stated,,,https://community.aiadvantage.com/u/23612cfb,23612cfb
Jody ruth,,,,Not stated,Not stated,,,https://community.aiadvantage.com/u/e9be326c,e9be326c
joe caputo,,,,Not stated,Not stated,,,https://community.aiadvantage.com/u/e6bb5439,e6bb5439
Joe McGinn,"I CREATE MIRACLES - and Teach Others How TO DO IT, TOO!",Oahu,HI,United States,Unclassified,,,https://community.aiadvantage.com/u/643071b8,643071b8
Joe Petrovski,,North,,Unknown,Not stated,,,https://community.aiadvantage.com/u/345b3612,345b3612
John Casey,,,,Not stated,Not stated,,,https://community.aiadvantage.com/u/c18cd905,c18cd905
john komarnicki,,,,Not stated,Not stated,,,https://community.aiadvantage.com/u/9f8344bc,9f8344bc
John Samson,Today Matters!,Glendale,AZ,United States,Unclassified,,yes,https://community.aiadvantage.com/u/bd43dfa1,bd43dfa1
John Seibert,,,,Not stated,Not stated,,,https://community.aiadvantage.com/u/a7c93342,a7c93342
Jon Goodell,,South Salem,OR,United States,Not stated,,,https://community.aiadvantage.com/u/1f342444,1f342444
Jonathan Cox,,San Diego,CA,United States,Not stated,,,https://community.aiadvantage.com/u/699e4f38,699e4f38
Jonathan O'Rear,"Building Amazing People, Places and Experiences",New Orleans,LA,United States,Unclassified,,,https://community.aiadvantage.com/u/f20949c9,f20949c9
jorg@apdental.net,,,,Not stated,Not stated,,,https://community.aiadvantage.com/u/8acb3db9,8acb3db9
Jose Pachicano,,,,Not stated,Not stated,,,https://community.aiadvantage.com/u/f946f889,f946f889
JoseMi Jauregui,,,,Not stated,Not stated,,,https://community.aiadvantage.com/u/af7ffe38,af7ffe38
Joseph MARSCO,,,,Not stated,Not stated,,,https://community.aiadvantage.com/u/6a7c19b8,6a7c19b8
Joseph Pepka,We Take the SH out of IT,Bloomington,IL,United States,Unclassified,,,https://community.aiadvantage.com/u/317023f0,317023f0
Judah,,,,Not stated,AI Advantage staff,yes,,https://community.aiadvantage.com/u/5701371a,5701371a
Judith Dixon,Living my best life with AI,New Forest National Park,,United Kingdom,Tech & AI,,,https://community.aiadvantage.com/u/5e857892,5e857892
Judy Hall,Helping companies grow their businesses,Nova Scotia,NS,Canada,Unclassified,,,https://community.aiadvantage.com/u/8024fea2,8024fea2
Judy Vessels,Profession Service! Person Care!,Dallas,TX,United States,Unclassified,,,https://community.aiadvantage.com/u/db4358fd,db4358fd
Julia Brandstetter,,,,Not stated,Not stated,,,https://community.aiadvantage.com/u/42117fb9,42117fb9
Julia Klasson Langhorst,,California,CA,United States,Not stated,,,https://community.aiadvantage.com/u/069c5548,069c5548
Julian De Silva,,London,,United Kingdom,Not stated,,,https://community.aiadvantage.com/u/6d46397d,6d46397d
Julie Hubert,Founder and President of Workland,Montreal,QC,Canada,Business & Consulting,,,https://community.aiadvantage.com/u/97059cdf,97059cdf
Julie Lappin,,Charlotte,NC,United States,Not stated,,,https://community.aiadvantage.com/u/6546e148,6546e148
Julie Torani,"Founder of JT Strategic Consulting, Julie Torani drives business and AI transformation while building a botanical brand inspired by nature",Toronto,ON,Canada,Marketing & Sales,,,https://community.aiadvantage.com/u/43e63091,43e63091
Jun Kawashima,,,,Not stated,Not stated,,,https://community.aiadvantage.com/u/ff938876,ff938876
Justin James,Virtual Event Strategist & Producer for Coaches and Speakers,Phoenix,AZ,United States,Creative & Media,,,https://community.aiadvantage.com/u/34310a74,34310a74
Justin Miller,"Author, Real Estate Agent, Entrepreneur in Las Vegas",Las Vegas,NV,United States,Real Estate,,,https://community.aiadvantage.com/u/d1b92341,d1b92341
K.T. Williams,,,,Not stated,Not stated,,,https://community.aiadvantage.com/u/b98fcc76,b98fcc76
Kalyani Gilliam,"If not now, when?",Carmel,IN,United States,Unclassified,,yes,https://community.aiadvantage.com/u/d6b27968,d6b27968
Karen Donn,Preserving Humanity Through The Digital Age - Helping Companies Stay Aligned with Their Mission,Midlothian,VA,United States,Unclassified,,,https://community.aiadvantage.com/u/06e1cfdc,06e1cfdc
Karen Lazarich,Live Well. Live Bright.,Celina,TX,United States,Unclassified,,,https://community.aiadvantage.com/u/1829c537,1829c537
Karen Scullion,,,,Not stated,Not stated,,,https://community.aiadvantage.com/u/005d2708,005d2708
Karen Smith,,,,Not stated,Not stated,,,https://community.aiadvantage.com/u/30cfe1e1,30cfe1e1
Karianne Lamm-Kittelsen,,,,Not stated,Not stated,,,https://community.aiadvantage.com/u/b78f927c,b78f927c
Karl Goldkamp,,New Bern,NC,United States,Not stated,,,https://community.aiadvantage.com/u/745702fb,745702fb
Karla Peperone,Making Joy the New Normal,Louisiana,LA,United States,Unclassified,,,https://community.aiadvantage.com/u/e4e520c2,e4e520c2
Karolina Fil,,,,Not stated,Not stated,,,https://community.aiadvantage.com/u/f12df4ad,f12df4ad
Kat Taranto,MINT to grow!,Kansas City,MO,United States,Unclassified,,,https://community.aiadvantage.com/u/f61f9c4b,f61f9c4b
Katherine Chiang,,Dublin,,Ireland,Not stated,,,https://community.aiadvantage.com/u/3d7ae026,3d7ae026
Kathy Rehberg,,Grand Junction,CO,United States,Not stated,,,https://community.aiadvantage.com/u/3cae014f,3cae014f
Kathy Rutherford,,,,Not stated,Not stated,,,https://community.aiadvantage.com/u/8946943c,8946943c
Katie Michael,,,,Not stated,Not stated,,,https://community.aiadvantage.com/u/d0219606,d0219606
Keith Burgad,,,,Not stated,Not stated,,,https://community.aiadvantage.com/u/a9c8c5e7,a9c8c5e7
Kelli Avila,,,,Not stated,Not stated,,,https://community.aiadvantage.com/u/11c659c0,11c659c0
Kelly Allen,XR Kelly,New Braunfels,TX,United States,Unclassified,,,https://community.aiadvantage.com/u/ed2218d6,ed2218d6
Kelly Wood,,,,Not stated,Not stated,,,https://community.aiadvantage.com/u/4cd30c51,4cd30c51
Ken Gootnick,,,,Not stated,Not stated,,,https://community.aiadvantage.com/u/554bd871,554bd871
Ken Thimmel,Ken Thimmel - Paying It Forward,,,Not stated,Unclassified,,,https://community.aiadvantage.com/u/ad26f06b,ad26f06b
Kerry Scott,,,,Not stated,Not stated,,,https://community.aiadvantage.com/u/f9d7266a,f9d7266a
Kevin Harvey,,Surrey,,United Kingdom,Not stated,,yes,https://community.aiadvantage.com/u/ee59806f,ee59806f
Kevin Jameson,Passionate Promoter of Dementia Awareness,Philadelphia,PA,United States,Health & Wellness,,,https://community.aiadvantage.com/u/028e5526,028e5526
Kim Kake,,,,Not stated,Not stated,,,https://community.aiadvantage.com/u/4e8c43dc,4e8c43dc
Kimberley Wirht,,,,Not stated,Not stated,,,https://community.aiadvantage.com/u/cb5d9d23,cb5d9d23
Kimberly Barton,,Wisconsin,WI,United States,Not stated,,,https://community.aiadvantage.com/u/a80b2053,a80b2053
Kimberly Capwell,Scaling with AI!,Newport Beach,CA,United States,Tech & AI,,,https://community.aiadvantage.com/u/a009bedd,a009bedd
Kirt Roiz,"Father, foreman, and AI forger",Aguanga,CA,United States,Tech & AI,,,https://community.aiadvantage.com/u/b2d12e71,b2d12e71
Kostek Sytnyk,,Warsaw,,Poland,Not stated,,,https://community.aiadvantage.com/u/2e833546,2e833546
kristi harjo,,,,Not stated,Not stated,,,https://community.aiadvantage.com/u/d128f020,d128f020
Kristin & James Francis,Bone Health Advocate,Tustin,CA,United States,Health & Wellness,,,https://community.aiadvantage.com/u/bae07e12,bae07e12
Kristine Caruso,"Peak Performance Solutions by Edgevity, Inc.",Parkland,FL,United States,Coaching & Personal Growth,,,https://community.aiadvantage.com/u/e4a14e32,e4a14e32
Lance Lorfeld,,,,Not stated,Not stated,,,https://community.aiadvantage.com/u/bd006560,bd006560
Lance Lovejoy,,,,Not stated,Not stated,,,https://community.aiadvantage.com/u/41e79c50,41e79c50
LaRonda White,,,,Not stated,Not stated,,,https://community.aiadvantage.com/u/ec46595c,ec46595c
LARRY RONNEBERG,,,,Not stated,Not stated,,,https://community.aiadvantage.com/u/6772fd77,6772fd77
Laura Blunk,,Maryland,MD,United States,Not stated,,,https://community.aiadvantage.com/u/dc8e5eef,dc8e5eef
Laura Warshauer,,,,Not stated,Not stated,,,https://community.aiadvantage.com/u/e288e552,e288e552
Laurel Biddulph,,Oregon,OR,United States,Not stated,,,https://community.aiadvantage.com/u/a98b0dba,a98b0dba
Lauren Rawlings,,,,Not stated,Not stated,,,https://community.aiadvantage.com/u/85defe20,85defe20
Len,AI Moderator | Coach,Scottsdale,AZ,United States,AI Advantage staff,yes,,https://community.aiadvantage.com/u/a58d15e2,a58d15e2
Len Goss,Results Coach,Gibraltar,,Gibraltar,Coaching & Personal Growth,,,https://community.aiadvantage.com/u/42bb7f58,42bb7f58
Leonie Jones,,,,Not stated,Not stated,,,https://community.aiadvantage.com/u/f3cc2db3,f3cc2db3
Leslie Wallop,,,,Not stated,Not stated,,,https://community.aiadvantage.com/u/88b9e85a,88b9e85a
Linda Bayko,Serial Entrepreneur and Corporate Sales Professional in Software Development,Winter Haven,FL,United States,Marketing & Sales,,,https://community.aiadvantage.com/u/aaf4a4e5,aaf4a4e5
Linda Victor,"ParentCare Path, Gives Family Caregivers Solutions for Care, Safety and Comfort",United States,,United States,Unclassified,,,https://community.aiadvantage.com/u/0d661a41,0d661a41
Lisa Call,,,,Not stated,Not stated,,,https://community.aiadvantage.com/u/3c47e514,3c47e514
Lisa Kaye,,,,Not stated,Not stated,,,https://community.aiadvantage.com/u/12503293,12503293
Lisa Mattingly,"Great Days Aren't Had, They're Made",Lake Tapps,WA,United States,Unclassified,,,https://community.aiadvantage.com/u/597b020f,597b020f
Lisa Monk,,,,Not stated,Not stated,,,https://community.aiadvantage.com/u/43ae114f,43ae114f
Lisa Simpson,,,,Not stated,Not stated,,,https://community.aiadvantage.com/u/2dd512e3,2dd512e3
Lisa Van Meter,,,,Not stated,Not stated,,,https://community.aiadvantage.com/u/adf8296a,adf8296a
Lloyd Williams,Mastering The Power Of A.i For Business,Sydney,,Australia,Tech & AI,,,https://community.aiadvantage.com/u/a7c62aaf,a7c62aaf
Lorena Martinez Noriega,CFO,Orlando,FL,United States,Finance & Investing,,,https://community.aiadvantage.com/u/97cc4625,97cc4625
Lori Burris,,,,Not stated,Not stated,,,https://community.aiadvantage.com/u/c4de695f,c4de695f
Lori McRae McRae,Toronto Designer Makes the Cayman Islands Home,Cayman Islands,,Cayman Islands,Creative & Media,,,https://community.aiadvantage.com/u/52f1bc2f,52f1bc2f
Lori Modico,,,,Not stated,Not stated,,,https://community.aiadvantage.com/u/559f0af0,559f0af0
Louise Gooden,,,,Not stated,Not stated,,,https://community.aiadvantage.com/u/8bd7a7e7,8bd7a7e7
Lucus Fuentes,,,,Not stated,Not stated,,,https://community.aiadvantage.com/u/500e22a1,500e22a1
Lukas Kozanak,,,,Not stated,AI Advantage staff,yes,,https://community.aiadvantage.com/u/4f8795fb,4f8795fb
Luke Thomas,Community Director,,,Not stated,Business & Consulting,,,https://community.aiadvantage.com/u/1b654a1d,1b654a1d
Lyca Shan,"Billy Ryder | Storyteller, System-Builder, and Wildhearted Creator Helping Women Reclaim Power Through Story.",Kent,,United Kingdom,Unclassified,,,https://community.aiadvantage.com/u/b203e106,b203e106
Lydia Kotini,Holistic Wellness Coach,Greece,,Greece,Health & Wellness,,,https://community.aiadvantage.com/u/596456b9,596456b9
Lyn Lasneski,Creative Genius,Colorado,CO,United States,Creative & Media,,,https://community.aiadvantage.com/u/a5ff1b54,a5ff1b54
Lynda Anderson,,Valparaiso,IN,United States,Not stated,,,https://community.aiadvantage.com/u/69ddb589,69ddb589
MAI HUNG HO,Entrepreneur | EdTech Builder | Aquaculture Innovator | Real Estate Investor,Ho Chi Minh City,,Vietnam,Real Estate,,,https://community.aiadvantage.com/u/48a815fb,48a815fb
Majah Winblad,,,,Not stated,Not stated,,,https://community.aiadvantage.com/u/0458bf2d,0458bf2d
Major Sanders,,,,Not stated,Not stated,,,https://community.aiadvantage.com/u/6ff22000,6ff22000
Manjiri Rao-Kostas,Locally Known - Internationally Connected Realtor,Franklin,TN,United States,Real Estate,,yes,https://community.aiadvantage.com/u/c278c5a1,c278c5a1
Marc Crawford,,Baton Rouge,LA,United States,Not stated,,,https://community.aiadvantage.com/u/0e080a39,0e080a39
Marcel Mollet,,Bern,,Switzerland,Not stated,,,https://community.aiadvantage.com/u/a60954dc,a60954dc
Marcy Rodrigues,Driven to Succeed by gaining more time and financial independence!,Toronto,ON,Canada,Unclassified,,,https://community.aiadvantage.com/u/d02e25f2,d02e25f2
Marek Wyszynski,Better Movement = Better Life,New York City,NY,United States,Health & Wellness,,,https://community.aiadvantage.com/u/bda718f0,bda718f0
Mareko Hedquist,Servant Leadership Thought Leader / Senior Project Manager / Consultant,St. George,UT,United States,Coaching & Personal Growth,,,https://community.aiadvantage.com/u/1229348c,1229348c
Margrit Wegener,"Curious mind, lifelong learner, now diving into AI",Munich,,Germany,Tech & AI,,,https://community.aiadvantage.com/u/db9aa3f8,db9aa3f8
MARIO Jimenez Rodriguez,,,,Not stated,Not stated,,,https://community.aiadvantage.com/u/70719cab,70719cab
Mariyn Burnette,"Break Free from the emotional pain from pro-longed stress or abuse, and create a life of peace and purpose. That's my goal",Cincinnati,OH,United States,Unclassified,,,https://community.aiadvantage.com/u/f482ddeb,f482ddeb
Mark Belinson,,,,Not stated,Not stated,,,https://community.aiadvantage.com/u/05025e04,05025e04
Mark Carpenter,,DeKalb,IL,United States,Not stated,,,https://community.aiadvantage.com/u/87434a4a,87434a4a
Mary McKay,,,,Not stated,Not stated,,,https://community.aiadvantage.com/u/d325c557,d325c557
Marykutty Mathew,,Mainz,,Germany,Not stated,,,https://community.aiadvantage.com/u/120b3958,120b3958
Mateja Labauri,,London,,United Kingdom,Not stated,,,https://community.aiadvantage.com/u/df06ed61,df06ed61
Matt Fritzeen,,,,Not stated,Not stated,,,https://community.aiadvantage.com/u/8f0611a7,8f0611a7
Maxine Johnson,,,,Not stated,Not stated,,,https://community.aiadvantage.com/u/fc48b23e,fc48b23e
Mazen Fardan,,Dubai,,United Arab Emirates,Not stated,,,https://community.aiadvantage.com/u/4b49a422,4b49a422
Megumi Shimonaka,,Japan,,Japan,Not stated,,,https://community.aiadvantage.com/u/8695f9d7,8695f9d7
Melissa Mondzelewski,Short Term Rental Owner and Operator,Nashville,TN,United States,Real Estate,,,https://community.aiadvantage.com/u/d1d12e59,d1d12e59
Melissa Seil-Butler,,,,Not stated,Not stated,,,https://community.aiadvantage.com/u/00961ff3,00961ff3
Michael Ducart,,Riverview,FL,United States,Not stated,,,https://community.aiadvantage.com/u/7c91c780,7c91c780
Michael Gibson,Founder of Extraordinary Lovers | Architect of Extraordinary Love,Phoenix,AZ,United States,Tech & AI,,,https://community.aiadvantage.com/u/339937f6,339937f6
Michael Gong,Consulting and Professional Services Leader | Technology Enablement & Adoption,,,Not stated,Unclassified,,,https://community.aiadvantage.com/u/8498377d,8498377d
Michael Harris,AI Mentor,Brisbane,,Australia,Coaching & Personal Growth,,,https://community.aiadvantage.com/u/95e7676e,95e7676e
Michael Klyne,Work Smarter. Lead Better. With Human Judgement @ AI speed.,,,Not stated,Tech & AI,,,https://community.aiadvantage.com/u/49ebb3e6,49ebb3e6
Michael Kranich,,Niceville,FL,United States,Not stated,,,https://community.aiadvantage.com/u/65c366ae,65c366ae
Michael Mahmoudi,,,,Not stated,Not stated,,,https://community.aiadvantage.com/u/d7eb3845,d7eb3845
Michael Modrak,,,,Not stated,Not stated,,,https://community.aiadvantage.com/u/ec047a69,ec047a69
Michael Myers,The HypnoMedMan,Palm Desert,CA,United States,Unclassified,,,https://community.aiadvantage.com/u/54423847,54423847
Michael Sugarman,,Wilmington,DE,United States,Not stated,,yes,https://community.aiadvantage.com/u/2eb36482,2eb36482
Micheal Namocot,,,,Not stated,Not stated,,,https://community.aiadvantage.com/u/f0f74b6c,f0f74b6c
Michelle Burgad,"Telecom expert & VP at Sandler Partners. Passionate leader helping businesses save big, live boldly, and stay connected-in work and in life.",Stockton,CA,United States,Marketing & Sales,,,https://community.aiadvantage.com/u/ee455000,ee455000
Michelle Chick,,Hollister,CA,United States,Not stated,,,https://community.aiadvantage.com/u/c58d5bc8,c58d5bc8
Michelle Fromm,,,,Not stated,Not stated,,,https://community.aiadvantage.com/u/8ed1ee07,8ed1ee07
Michelle Odessey,,Atlanta,GA,United States,Not stated,,,https://community.aiadvantage.com/u/183fa86d,183fa86d
Mihalis Belantis,30 Years in Capital Markets. Now I'm Betting on AI.,Calgary,AB,Canada,Finance & Investing,,,https://community.aiadvantage.com/u/6b564eeb,6b564eeb
Mike Bradway,AIA | Technical Community Moderator,New York,NY,United States,AI Advantage staff,yes,,https://community.aiadvantage.com/u/2b1f6577,2b1f6577
Miles Von Schriltz,,,,Not stated,Not stated,,,https://community.aiadvantage.com/u/40c0f8fd,40c0f8fd
Misha Kiiso,,,,Not stated,Not stated,,,https://community.aiadvantage.com/u/6198cd80,6198cd80
Mishari Alqabandi,,,,Not stated,Not stated,,,https://community.aiadvantage.com/u/e1e9e82a,e1e9e82a
Mollie Manhattan,Transformational Artist,Ocean Springs,MS,United States,Creative & Media,,,https://community.aiadvantage.com/u/e765e661,e765e661
Momir Milacic,,,,Not stated,Not stated,,,https://community.aiadvantage.com/u/293f6144,293f6144
Monica Julien,,Texas,TX,United States,Not stated,,,https://community.aiadvantage.com/u/20267883,20267883
Monica Parolalista,"Ops Director turned AI consultant helping businesses scale smarter, faster & sustainably through intelligent, people-first systems.",,,Not stated,Tech & AI,,,https://community.aiadvantage.com/u/f0a99cb1,f0a99cb1
Monica Rosenberry,"Test at Your Best - Performance Coach for Professional, Certification, and College Exams",San Francisco,CA,United States,Coaching & Personal Growth,,,https://community.aiadvantage.com/u/2f303612,2f303612
Monique Manderson,Psychiatric-Mental Health NP | Entrepreneur | Advocate for Innovation & Mentorship in Healthcare Leadership,Lakeland,FL,United States,Health & Wellness,,,https://community.aiadvantage.com/u/5b554c9d,5b554c9d
Mury Sutherlin,CFO | Interested in Building AI-powered businesses + AI leverage for high-growth businesses,Durango,CO,United States,Finance & Investing,,,https://community.aiadvantage.com/u/9a1c137d,9a1c137d
Nadeen Vella,,,,Not stated,Not stated,,,https://community.aiadvantage.com/u/71d89b56,71d89b56
Nanda Sears,,,,Not stated,Not stated,,,https://community.aiadvantage.com/u/92a53032,92a53032
Naomi Takazawa Welch,Acupuncturist from Japan,New York City,NY,United States,Unclassified,,,https://community.aiadvantage.com/u/e5fd21b9,e5fd21b9
Natalie Huen,,San Francisco Bay Area,CA,United States,Not stated,,,https://community.aiadvantage.com/u/53263536,53263536
Natalie Huen,,Palo Alto,CA,United States,Not stated,,,https://community.aiadvantage.com/u/c33bb08b,c33bb08b
Nate Harris,,,,Not stated,Not stated,,,https://community.aiadvantage.com/u/b6e25e29,b6e25e29
Nathan Murdoch,,Calgary,AB,Canada,Not stated,,,https://community.aiadvantage.com/u/28a06f32,28a06f32
Negar Ashtari,Rising phoenix,Toronto,ON,Canada,Unclassified,,,https://community.aiadvantage.com/u/795a9d83,795a9d83
Nelson Spinetti,Pediatric Gastroenterologist | Real Estate Investor | Educator & Podcaster,McAllen,TX,United States,Real Estate,,,https://community.aiadvantage.com/u/0aa748a5,0aa748a5
Nga Blanchard,,,,Not stated,Not stated,,,https://community.aiadvantage.com/u/6b7230d0,6b7230d0
Nikita Kostyuk,,,,Not stated,Not stated,,,https://community.aiadvantage.com/u/8a8d6ee6,8a8d6ee6
Nora Bennani,,,,Not stated,Not stated,,,https://community.aiadvantage.com/u/6dbe6f82,6dbe6f82
Nulbis Quintana,,,,Not stated,Not stated,,,https://community.aiadvantage.com/u/a9c6d2c2,a9c6d2c2
OREST FRANGOPOL,,,,Not stated,Not stated,,,https://community.aiadvantage.com/u/34b97f47,34b97f47
Ornulf Svan Amundsen,,,,Not stated,Not stated,,,https://community.aiadvantage.com/u/482c78c2,482c78c2
Pakko Mendez,Excited to Learn AI,San Diego,CA,United States,Tech & AI,,,https://community.aiadvantage.com/u/bb36e8b0,bb36e8b0
Pamela Metz,Bookkeeper for Photographers/Videographers,Snohomish,WA,United States,Unclassified,,,https://community.aiadvantage.com/u/cb08b4ea,cb08b4ea
Patricia Parker,,,,Not stated,Not stated,,,https://community.aiadvantage.com/u/0a07c516,0a07c516
Patrick Meehan,Team Building,Maine,ME,United States,Unclassified,,,https://community.aiadvantage.com/u/85b0e91e,85b0e91e
Patrick Walker,Brick and Mortar Travel Agency Owner,Dallas,TX,United States,Business & Consulting,,,https://community.aiadvantage.com/u/28e6929e,28e6929e
Patti Heckman,,,,Not stated,Not stated,,,https://community.aiadvantage.com/u/8bedcdb1,8bedcdb1
Patty Schramm,,Bushnell,FL,United States,Not stated,,,https://community.aiadvantage.com/u/fceb9e63,fceb9e63
Paul Baker,,,,Not stated,Not stated,,,https://community.aiadvantage.com/u/1dea5b5c,1dea5b5c
Paul Colligan,,,,Not stated,Not stated,,,https://community.aiadvantage.com/u/a8c2cbcf,a8c2cbcf
Paul Dubelsten,,Portland,OR,United States,Not stated,,yes,https://community.aiadvantage.com/u/e9743b04,e9743b04
Paul Keigher,,,,Not stated,Not stated,,,https://community.aiadvantage.com/u/84449ca8,84449ca8
Paul Wagner,,Columbus,OH,United States,Not stated,,,https://community.aiadvantage.com/u/7d68d079,7d68d079
PAULO PAIAS,,,,Not stated,Not stated,,,https://community.aiadvantage.com/u/26951522,26951522
Pavlina Yanakieva,,,,Not stated,Not stated,,,https://community.aiadvantage.com/u/3f8f3892,3f8f3892
Peter DiPaoli,,,,Not stated,Not stated,,,https://community.aiadvantage.com/u/41f36693,41f36693
Peter Unger,,Central Point,OR,United States,Not stated,,,https://community.aiadvantage.com/u/754b7781,754b7781
Peyton Dodson,,,,Not stated,Not stated,,,https://community.aiadvantage.com/u/d578c541,d578c541
Philippos Soseilos,,,,Not stated,Not stated,,,https://community.aiadvantage.com/u/c1e1c670,c1e1c670
Pia Lindroos,Building AI <3,Finland,,Finland,Tech & AI,,,https://community.aiadvantage.com/u/ae8c29dc,ae8c29dc
Pieter Harmse,AImagician,Sedgefield,,South Africa,Unclassified,,yes,https://community.aiadvantage.com/u/5fc35a85,5fc35a85
Rahul Aakaram,Healthcare Platform | Maternal health for Mother as centered,Tampa,FL,United States,Health & Wellness,,,https://community.aiadvantage.com/u/53b38b4c,53b38b4c
Raluka Mihai,,,,Not stated,Not stated,,,https://community.aiadvantage.com/u/3d9f35dc,3d9f35dc
Ramune Lekamaviciute,Mental Fitness Coach,Frankfurt,,Germany,Health & Wellness,,,https://community.aiadvantage.com/u/b83e5ac2,b83e5ac2
Rasmus Haarup Dalsgaard,,,,Not stated,Not stated,,,https://community.aiadvantage.com/u/a8d4fd2a,a8d4fd2a
Razvan M,,,,Not stated,Not stated,,,https://community.aiadvantage.com/u/557ff33d,557ff33d
Rebecca Lister,Wildlife photographer and conservationist,South Kingstown,RI,United States,Unclassified,,,https://community.aiadvantage.com/u/3e298a81,3e298a81
Rejeanne Bischoff,,,,Not stated,Not stated,,,https://community.aiadvantage.com/u/c171787c,c171787c
Rene Massas,,Geneva,,Switzerland,Not stated,,,https://community.aiadvantage.com/u/5f59c819,5f59c819
Rene Olsen,Learning new skills,Nuuk,,Greenland,Unclassified,,,https://community.aiadvantage.com/u/a50b10aa,a50b10aa
rex whitton,GOING FULLY FOR THE FULL GOSPEL!,Kansas City,MO,United States,Unclassified,,,https://community.aiadvantage.com/u/78430dd7,78430dd7
Rey Perez,,Palmetto Bay,FL,United States,Not stated,,,https://community.aiadvantage.com/u/581bcf9d,581bcf9d
Richard Martyn,,Grande Prairie,AB,Canada,Not stated,,,https://community.aiadvantage.com/u/550958d4,550958d4
Richard Ojeda,Excited and ready to work,Connecticut,CT,United States,Unclassified,,,https://community.aiadvantage.com/u/94362832,94362832
Ricky Best,,London,,United Kingdom,Not stated,,,https://community.aiadvantage.com/u/a530352a,a530352a
Rob Benjamin,,,,Not stated,Not stated,,,https://community.aiadvantage.com/u/a4ac8920,a4ac8920
Rob Fazekas,Business owner looking to scale our business,New Jersey,NJ,United States,Business & Consulting,,,https://community.aiadvantage.com/u/5150fb4d,5150fb4d
Robbert van Adrichem,Expedition Guide for Growth | Co-founder Kollet,Delft,,Netherlands,Business & Consulting,,,https://community.aiadvantage.com/u/be5a4201,be5a4201
Robert Barnes,,Leander,TX,United States,Not stated,,,https://community.aiadvantage.com/u/db76c8f9,db76c8f9
Robert Boniface,,,,Not stated,Not stated,,,https://community.aiadvantage.com/u/d7d99004,d7d99004
Robert Guderian,,,,Not stated,Not stated,,,https://community.aiadvantage.com/u/23f83b28,23f83b28
Robert Houghton,,,,Not stated,Not stated,,,https://community.aiadvantage.com/u/42dc6bbb,42dc6bbb
Robert Nagy,,,,Not stated,AI Advantage staff,yes,,https://community.aiadvantage.com/u/58f320c3,58f320c3
Robert Pafundi,"Robert from Los Angeles, California",Los Angeles,CA,United States,Unclassified,,,https://community.aiadvantage.com/u/6f7a6221,6f7a6221
Robert Rosario,,Palm Beach,FL,United States,Not stated,,,https://community.aiadvantage.com/u/f21b7c56,f21b7c56
Robert Scoggin,,Boquete District,,Panama,Not stated,,,https://community.aiadvantage.com/u/07c8c2fb,07c8c2fb
Robert Smolen,Faith-Driven Relationship Builder | Partner-Led Growth Leader | Federal & Enterprise GTM | Practical AI Learner for the Next Chapter,McKinney,TX,United States,Tech & AI,,,https://community.aiadvantage.com/u/9c305934,9c305934
Robert Thornton,,,,Not stated,Not stated,,,https://community.aiadvantage.com/u/06873de1,06873de1
Romy Shovelton,Adventurer in Life,Dolgellau,,United Kingdom,Unclassified,,,https://community.aiadvantage.com/u/94df338e,94df338e
Ron Crutcher,Navigator,,,Not stated,Unclassified,,,https://community.aiadvantage.com/u/ce4170be,ce4170be
Ron Koshko,Leveraging 30+ Years Experience,Northborough,MA,United States,Unclassified,,,https://community.aiadvantage.com/u/8fd5c1b8,8fd5c1b8
Rowena Atkins,,,,Not stated,Not stated,,,https://community.aiadvantage.com/u/fb55a0d1,fb55a0d1
Russell Brandon,,,,Not stated,Not stated,,,https://community.aiadvantage.com/u/4cc9c2a4,4cc9c2a4
Ryan Melchione,,,,Not stated,Not stated,,,https://community.aiadvantage.com/u/2e451a58,2e451a58
Saeed AlMuhairy,,Dubai,,United Arab Emirates,Not stated,,,https://community.aiadvantage.com/u/c29befdf,c29befdf
Sam Johnson,,,,Not stated,Not stated,,,https://community.aiadvantage.com/u/47b1760f,47b1760f
Samantha Landwehr,,Minneapolis,MN,United States,Not stated,,,https://community.aiadvantage.com/u/8aa62033,8aa62033
Samantha McConnell,,Cardiff-by-the-Sea,CA,United States,Not stated,,,https://community.aiadvantage.com/u/fd2dd7f8,fd2dd7f8
Sandra Chmielewski,Sandra Lee Therapy,Lutz,FL,United States,Unclassified,,,https://community.aiadvantage.com/u/bea893ff,bea893ff
Sandra Richter,Happy Day,Albuquerque,NM,United States,Unclassified,,,https://community.aiadvantage.com/u/367c674f,367c674f
sandra@inovarhr.com,Alignment Coach for Overwhelmed Women | Wish on Wildflowers,,,Not stated,Coaching & Personal Growth,,,https://community.aiadvantage.com/u/85629073,85629073
Sandy Yang,,,,Not stated,Not stated,,,https://community.aiadvantage.com/u/4ef1ad08,4ef1ad08
Sara Janes Hoag,Helping people navigate to their financial terrain,Manchester,,United Kingdom,Unclassified,,yes,https://community.aiadvantage.com/u/53f046db,53f046db
Sarah H Zainalabedin,Organizational Design & Strategy | Excited to Engage,Bahrain,,Bahrain,Unclassified,,,https://community.aiadvantage.com/u/bd1ff922,bd1ff922
Sarah Jean,,,,Not stated,Not stated,,,https://community.aiadvantage.com/u/e45ed951,e45ed951
Savannah Simpson,The Abundance Archaeologist - Subconscious Reprogramming Coach for Women,British Columbia,BC,Canada,Coaching & Personal Growth,,,https://community.aiadvantage.com/u/37742abd,37742abd
Scott Levine,"Lawyer, Business Owner, Husband and Father",San Diego County,CA,United States,Legal,,,https://community.aiadvantage.com/u/1fc2b357,1fc2b357
Scott Newson,"Financial Advisor in Miami, Florida",Miami,FL,United States,Unclassified,,,https://community.aiadvantage.com/u/dca19ecf,dca19ecf
Seamae Erfani,"Natural or Artificial, Intelligence is Intelligence",San Diego,CA,United States,Unclassified,,,https://community.aiadvantage.com/u/e7506f6f,e7506f6f
Sean Lenihan,Founder at The Honest Bison,Camas,WA,United States,Business & Consulting,,,https://community.aiadvantage.com/u/51ebe0bb,51ebe0bb
Seema Sharma,Mental Health Private Practice Owner,Pasadena,CA,United States,Health & Wellness,,,https://community.aiadvantage.com/u/c94110af,c94110af
Selvia Ratnawati,,,,Not stated,Not stated,,,https://community.aiadvantage.com/u/8bdcbcbe,8bdcbcbe
Sergei Krasulya,Solving business growth and productivity problems using first principles and advanced technology,Massachusetts,MA,United States,Business & Consulting,,,https://community.aiadvantage.com/u/14f62238,14f62238
Seth Breitman,,,,Not stated,Not stated,,,https://community.aiadvantage.com/u/32781df5,32781df5
Shaam Gambhir,,,,Not stated,Not stated,,,https://community.aiadvantage.com/u/4391dcd7,4391dcd7
shana ginsburg,,,,Not stated,Not stated,,,https://community.aiadvantage.com/u/cd227206,cd227206
Sharon Lawson,,Baltimore,MD,United States,Not stated,,,https://community.aiadvantage.com/u/b5a3e9c2,b5a3e9c2
Shawn Dinning,Aviator and Aircraft Dealer/Broker Looking to Fly Higher and Faster with AI Fuel!!,Dallas,TX,United States,Real Estate,,,https://community.aiadvantage.com/u/bd87d7b1,bd87d7b1
SHERI DEL BARRIO,Insurance Carrier and Agency Relations Strategist,Honolulu,HI,United States,Finance & Investing,,,https://community.aiadvantage.com/u/f98d085f,f98d085f
SHERRY PENG,,,,Not stated,Not stated,,,https://community.aiadvantage.com/u/f74f0174,f74f0174
Shruti Patel,,,,Not stated,Not stated,,,https://community.aiadvantage.com/u/54a4f7a4,54a4f7a4
Sidney Huffmyer,Jake and Sid are the same person. We're still working out the details.,Pittsburgh,PA,United States,Unclassified,,,https://community.aiadvantage.com/u/ee88c23b,ee88c23b
Silke Jacobi,,,,Not stated,Not stated,,,https://community.aiadvantage.com/u/1d185837,1d185837
Silvia Junqueira,,,,Not stated,Not stated,,,https://community.aiadvantage.com/u/80c367eb,80c367eb
simas tamosaitis,,Scottsdale,AZ,United States,Not stated,,,https://community.aiadvantage.com/u/9fcd6e2d,9fcd6e2d
Simona Stokes,Psychologist | Educator | Curious AI Learner,Devon,,United Kingdom,Tech & AI,,,https://community.aiadvantage.com/u/6da36eab,6da36eab
Sofie Den Haeze,"I free people from everything that keeps them small, so their true light can shine again.",Ghent,,Belgium,Unclassified,,,https://community.aiadvantage.com/u/6fdd7db2,6fdd7db2
Sonja Kirschner,,,,Not stated,Not stated,,,https://community.aiadvantage.com/u/bfb1a0d5,bfb1a0d5
Sonya Dimitrova,AI Advantage Bootcamp Sonya,Wimbledon,,United Kingdom,Tech & AI,,,https://community.aiadvantage.com/u/53a06c77,53a06c77
Sophie Stevens-Lemaigre,Finding your true voice to power your relationships,Sofia Capital,,Bulgaria,Unclassified,,,https://community.aiadvantage.com/u/2fd5caa7,2fd5caa7
Stacey Rader,A New Beginning,Eldon,MO,United States,Unclassified,,,https://community.aiadvantage.com/u/e3b57e6e,e3b57e6e
Stacey Sparks,,,,Not stated,Not stated,,,https://community.aiadvantage.com/u/6c2d891a,6c2d891a
Staci Baker,,Mesa,AZ,United States,Not stated,,,https://community.aiadvantage.com/u/76d10110,76d10110
Stacy Fore,,,,Not stated,Not stated,,,https://community.aiadvantage.com/u/fcbdc4fd,fcbdc4fd
Stacy Mangum,Genealogist. Mixologist. Proud Texanadian.,Texas,TX,United States,Unclassified,,,https://community.aiadvantage.com/u/56f51987,56f51987
Stephanie Barrios,,,,Not stated,Not stated,,,https://community.aiadvantage.com/u/63b3d7fb,63b3d7fb
Stephanie Bigelow,,Fort Lauderdale,FL,United States,Not stated,,,https://community.aiadvantage.com/u/cf82f0b8,cf82f0b8
Stephanie D'Andrea,"Launching a people-first directory - using AI to scale SEO, design & content",West Palm Beach,FL,United States,Marketing & Sales,,,https://community.aiadvantage.com/u/0f603bd9,0f603bd9
Stephanie Dupuis,Building human clarity in the age of AI,Montreal,QC,Canada,Tech & AI,,,https://community.aiadvantage.com/u/ae34c705,ae34c705
Stephanie Inghram,,,,Not stated,Not stated,,,https://community.aiadvantage.com/u/f419f782,f419f782
Stephanie Klein,"Cyber Security Program Manager by day, Beginner Entrepreneur by night",Maryland,MD,United States,Tech & AI,,,https://community.aiadvantage.com/u/87098b30,87098b30
Stephanie Long,,Grapevine,TX,United States,Not stated,,,https://community.aiadvantage.com/u/c7823033,c7823033
Stephen Hodge,,Raleigh,NC,United States,Not stated,,,https://community.aiadvantage.com/u/abf35804,abf35804
Stephen Shishko,MEP Engineer,Melville,NY,United States,Tech & AI,,,https://community.aiadvantage.com/u/75ed2f44,75ed2f44
Stephen Skeels,,,,Not stated,Not stated,,,https://community.aiadvantage.com/u/f59e9d83,f59e9d83
Steve Loyd,,,,Not stated,Not stated,,,https://community.aiadvantage.com/u/57543c94,57543c94
Steve Tschudy,,,,Not stated,Not stated,,,https://community.aiadvantage.com/u/eddc4550,eddc4550
STEVEN NAKAMOTO,Business Growth Strategist & Writer's Digest Award-Winning Author/Publisher,Huntington Beach,CA,United States,Creative & Media,,,https://community.aiadvantage.com/u/7f2ba4c1,7f2ba4c1
Steven Poerschmann,"More - Always learning, always growing!",Marana,AZ,United States,Unclassified,,,https://community.aiadvantage.com/u/fae66889,fae66889
Steven Selinsky,,Orange County,CA,United States,Not stated,,,https://community.aiadvantage.com/u/b48db15f,b48db15f
Stuart Adams,,,,Not stated,Not stated,,,https://community.aiadvantage.com/u/9591a79f,9591a79f
Susan Sanchez,Bringing Food Suppliers Into the Digital Age,Phoenix,AZ,United States,Unclassified,,,https://community.aiadvantage.com/u/3eb3278f,3eb3278f
Susanna Pullen,,,,Not stated,Not stated,,,https://community.aiadvantage.com/u/a17b3f06,a17b3f06
Sven Olson,A recovered blind quadriplegic... RESILIENCE and COURAGE are my Watch Words!!,Chandler,AZ,United States,Unclassified,,,https://community.aiadvantage.com/u/279ce1bf,279ce1bf
Sven Simonis,,,,Not stated,Not stated,,,https://community.aiadvantage.com/u/8194fd5d,8194fd5d
Tammy Keegan,,,,Not stated,Not stated,,,https://community.aiadvantage.com/u/5323030b,5323030b
TANYA D. MILTON PA,,,,Not stated,Not stated,,,https://community.aiadvantage.com/u/e561d065,e561d065
Tanya Polic,,,,Not stated,Not stated,,,https://community.aiadvantage.com/u/ae5df3fa,ae5df3fa
tara doherty,,,,Not stated,Not stated,,,https://community.aiadvantage.com/u/9e5a670b,9e5a670b
Tarryn,,,,Not stated,Not stated,,,https://community.aiadvantage.com/u/3c293272,3c293272
Ted Blanchett,,,,Not stated,Not stated,,,https://community.aiadvantage.com/u/5674a837,5674a837
Teresa Zuvela,"Teresa Zuvela, LMHC, CSAT, CPTT is a betrayal trauma specialist and creator of the Woodland Pathways Method, helping midlife women restore calm, self-trust, and clarity after relational betrayal.",Wenatchee,WA,United States,Health & Wellness,,,https://community.aiadvantage.com/u/cf85a70f,cf85a70f
Terry Lajoie,Residential Realtor - Southern NH,New Hampshire,NH,United States,Real Estate,,,https://community.aiadvantage.com/u/44465c10,44465c10
Theresa White,,,,Not stated,Not stated,,,https://community.aiadvantage.com/u/cbdcf409,cbdcf409
THOMAS CAMPBELL,,,,Not stated,Not stated,,,https://community.aiadvantage.com/u/bfc5dded,bfc5dded
Thomas Holownia,"Clear, Concise & Compelling Brand Stories",San Francisco Bay Area,CA,United States,Marketing & Sales,,,https://community.aiadvantage.com/u/250314eb,250314eb
Thomas Musialik,,,,Not stated,Not stated,,,https://community.aiadvantage.com/u/40043875,40043875
Thorsten Keller,,,,Not stated,Not stated,,,https://community.aiadvantage.com/u/d1ea1996,d1ea1996
Tibor Berenyi,"Landscaping business owner | Learning how to use AI to build a better, less hands-on business",Melbourne,,Australia,Tech & AI,,yes,https://community.aiadvantage.com/u/af27a6d9,af27a6d9
Tiffani Iselin,,,,Not stated,Not stated,,,https://community.aiadvantage.com/u/cb1e7b11,cb1e7b11
Tiffany Bowtell,,,,Not stated,Not stated,,,https://community.aiadvantage.com/u/9190c4ef,9190c4ef
Tim Stiles,Entrepreneur and financial coach,Kansas City,MO,United States,Coaching & Personal Growth,,,https://community.aiadvantage.com/u/077d9816,077d9816
Timothy Carroll,"Best-Selling Author, Speaker & Performance Coach.",The Bahamas,,Bahamas,Coaching & Personal Growth,,,https://community.aiadvantage.com/u/9d0d1f3c,9d0d1f3c
Timothy Pelischek,,,,Not stated,Not stated,,,https://community.aiadvantage.com/u/eb5d089b,eb5d089b
Toby Goldbach,"Helping Professionals and Leaders Approach Conflict with Curiosity, Courage & Possibility",Toronto,ON,Canada,Unclassified,,,https://community.aiadvantage.com/u/158f0b3b,158f0b3b
Tom Johnsson,,Redondo Beach,CA,United States,Not stated,,,https://community.aiadvantage.com/u/6e5b6a7c,6e5b6a7c
Tommy Branson,,,,Not stated,Not stated,,,https://community.aiadvantage.com/u/2b17856e,2b17856e
Tommy Lee,,,,Not stated,Not stated,,,https://community.aiadvantage.com/u/1377ffee,1377ffee
Toni Humar,AI Specialist,Slovenia,,Slovenia,Tech & AI,,,https://community.aiadvantage.com/u/6034352b,6034352b
Toni Murphy,,,,Not stated,Not stated,,,https://community.aiadvantage.com/u/755d580b,755d580b
Tosha Vanderkooy,Anything that's meant for you will never pass you by,Canada,,Canada,Unclassified,,,https://community.aiadvantage.com/u/4ebce913,4ebce913
Tracey Ann Powers,,Canada,,Canada,Not stated,,,https://community.aiadvantage.com/u/bf3c7905,bf3c7905
Trent Wehrhahn,Dental Marketing Strategist & Advisor,Calgary,AB,Canada,Health & Wellness,,,https://community.aiadvantage.com/u/205b08a0,205b08a0
ty tallman,"MedSpa Doctors - ""Beauty Revolution""",Chandler,AZ,United States,Health & Wellness,,,https://community.aiadvantage.com/u/b010d5e3,b010d5e3
Umer Saleem,,,,Not stated,Not stated,,,https://community.aiadvantage.com/u/0f0a9ffa,0f0a9ffa
Valeria Tyutina,,,,Not stated,Not stated,,,https://community.aiadvantage.com/u/fe957b2d,fe957b2d
Valerie DuBray,,,,Not stated,Not stated,,,https://community.aiadvantage.com/u/3dbc1aee,3dbc1aee
Vanessa Damgaard,Blockchain Consulting & Venture Capital,Berlin,,Germany,Finance & Investing,,,https://community.aiadvantage.com/u/0eae63f2,0eae63f2
Vanessa Parletta,,,,Not stated,Not stated,,,https://community.aiadvantage.com/u/4e30bfeb,4e30bfeb
vanessa salazar,"Life Transformation Coach helping women in midlife reclaim their voice, rebuild confidence, and step into a life they love",United States,,United States,Coaching & Personal Growth,,,https://community.aiadvantage.com/u/e61a30d9,e61a30d9
Veena Kalia,,,,Not stated,Not stated,,,https://community.aiadvantage.com/u/fe6a0c35,fe6a0c35
Veronica Martin Tolosa,Passionate about creating value in the real estate industry.,Madrid,,Spain,Real Estate,,,https://community.aiadvantage.com/u/7bf448ce,7bf448ce
Vicky Xie,,,,Not stated,Not stated,,,https://community.aiadvantage.com/u/1dc047a5,1dc047a5
Vikki Godfrey,,Tallahassee,FL,United States,Not stated,,,https://community.aiadvantage.com/u/a4e84553,a4e84553
Viktorija Malukaite,,,,Not stated,Not stated,,,https://community.aiadvantage.com/u/ffb62519,ffb62519
VINODE VITTHALA,,,,Not stated,Not stated,,,https://community.aiadvantage.com/u/7d7c93f1,7d7c93f1
Vlaming Advies,"Current Occupation: lawyer, child psychologist and criminologist",Amsterdam,,Netherlands,Legal,,,https://community.aiadvantage.com/u/96f84d09,96f84d09
Wade Timmerson,Here to Learn!!!,Miami,FL,United States,Unclassified,,,https://community.aiadvantage.com/u/d4fdf64f,d4fdf64f
Walter Terry,Architect is My identity. Virtuoso and Orchestrator are my superpowers.,Seattle,WA,United States,Tech & AI,,,https://community.aiadvantage.com/u/759b03d4,759b03d4
Wayne Grimditch,,,,Not stated,Not stated,,,https://community.aiadvantage.com/u/794b4058,794b4058
Yolande Nkaya,,,,Not stated,Not stated,,,https://community.aiadvantage.com/u/74eb1106,74eb1106
Yumiko Kaizuka,,,,Not stated,Not stated,,,https://community.aiadvantage.com/u/f2e3f36b,f2e3f36b
yves Arteel,,,,Not stated,Not stated,,,https://community.aiadvantage.com/u/875e8aa7,875e8aa7
Yvette Maiello,,New York City,NY,United States,Not stated,,,https://community.aiadvantage.com/u/3d6c007a,3d6c007a
Yvonne Schneider,,Untergruppenbach,,Germany,Not stated,,,https://community.aiadvantage.com/u/99c0dbf9,99c0dbf9
Yvonnie Ametin,Start Up Actualizer,Key West,FL,United States,Unclassified,,,https://community.aiadvantage.com/u/5e609844,5e609844
Zachary Kelly,AI Advantage Wins & Stories | Testimonial Lead,,,Not stated,Tech & AI,,,https://community.aiadvantage.com/u/195f12c6,195f12c6
Zubby Gabriel,,,,Not stated,Not stated,,,https://community.aiadvantage.com/u/63416652,63416652
